<?xml version="1.0" encoding="UTF-8" standalone="yes"?>
<addon id="Anime.repo" name="AnimeKing" version="0.0.1" provider-name="Akiel">
	<extension point="xbmc.addon.repository" name="AnimeKing">
		<dir>
			<info compressed="false">https://raw.githubusercontent.com/totalrevolution/python-koding/master/zips/addons.xml</info>
			<checksum>https://raw.githubusercontent.com/totalrevolution/python-koding/master/zips/addons.xml.md5</checksum>
			<datadir zip="true">https://raw.githubusercontent.com/totalrevolution/python-koding/master/zips/</datadir>
		</dir>
		<info compressed="false">https://raw.githubusercontent.com/Akiel/Anime.repo/master/zips/addons.xml</info>
		<checksum>https://raw.githubusercontent.com/Akiel/Anime.repo/master/zips/addons.xml.md5</checksum>
		<datadir zip="true">https://raw.githubusercontent.com/Akiel/Anime.repo/master/zips/</datadir>
	</extension>
	<extension point="xbmc.addon.metadata">
		<summary lang="en">Anime shit </summary>
		<description lang="en">watch Anime</description>
		<genre>anime,usa</genre>
	</extension>
</addon>